JNJ,T,PG,Portfolio
1.0,0.9970985644613833,0.9846909676410922,0.9945903074683943
0.9970985644613833,1.0,0.9951025131547302,0.9995780536514253
0.9846909676410922,0.9951025131547302,1.0,0.9973991994504755
0.9945903074683943,0.9995780536514253,0.9973991994504755,1.0
